[{"model": "contenttypes.contenttype", "pk": 1, "fields": {"app_label": "admin", "model": "logentry"}}, {"model": "contenttypes.contenttype", "pk": 2, "fields": {"app_label": "auth", "model": "permission"}}, {"model": "contenttypes.contenttype", "pk": 3, "fields": {"app_label": "auth", "model": "group"}}, {"model": "contenttypes.contenttype", "pk": 4, "fields": {"app_label": "auth", "model": "user"}}, {"model": "contenttypes.contenttype", "pk": 5, "fields": {"app_label": "contenttypes", "model": "contenttype"}}, {"model": "contenttypes.contenttype", "pk": 6, "fields": {"app_label": "sessions", "model": "session"}}, {"model": "contenttypes.contenttype", "pk": 7, "fields": {"app_label": "authtoken", "model": "token"}}, {"model": "contenttypes.contenttype", "pk": 8, "fields": {"app_label": "authentication", "model": "userprofile"}}, {"model": "contenttypes.contenttype", "pk": 9, "fields": {"app_label": "base", "model": "auth"}}, {"model": "contenttypes.contenttype", "pk": 10, "fields": {"app_label": "base", "model": "key"}}, {"model": "contenttypes.contenttype", "pk": 11, "fields": {"app_label": "census", "model": "census"}}, {"model": "contenttypes.contenttype", "pk": 12, "fields": {"app_label": "mixnet", "model": "mixnet"}}, {"model": "contenttypes.contenttype", "pk": 13, "fields": {"app_label": "store", "model": "vote"}}, {"model": "contenttypes.contenttype", "pk": 14, "fields": {"app_label": "voting", "model": "question"}}, {"model": "contenttypes.contenttype", "pk": 15, "fields": {"app_label": "voting", "model": "questionoption"}}, {"model": "contenttypes.contenttype", "pk": 16, "fields": {"app_label": "voting", "model": "voting"}}, {"model": "contenttypes.contenttype", "pk": 17, "fields": {"app_label": "voting", "model": "politicalparty"}}, {"model": "sessions.session", "pk": "jl1hb2fgxrnx4242vyeh8coh5wijciak", "fields": {"session_data": "MWRiNTgzNTRjZmI5ZmFlOThmMmFiY2VkODNmZGRiNzg3MmE4ZjJkNDp7ImF1dGgtdG9rZW4iOiJjNWFjZWQwMWU3M2JmMzM4MjA0MDNmYzRlN2IxY2Y4N2JiZTRkMTI0IiwiX2F1dGhfdXNlcl9pZCI6IjEiLCJfYXV0aF91c2VyX2JhY2tlbmQiOiJiYXNlLmJhY2tlbmRzLkF1dGhCYWNrZW5kIiwiX2F1dGhfdXNlcl9oYXNoIjoiNGFmOWFlNmY2NjAwOWRkMTdlOGYzZjU3NzY0Zjg0NTI3Y2UyYzE4YSJ9", "expire_date": "2020-01-25T00:37:43.328Z"}}, {"model": "sessions.session", "pk": "kxry9qmg7kfgre026nfcv8zh530jnwq1", "fields": {"session_data": "ODU3MzI2NDU4ZDM4ZDhjMzJlZGY5NzM4YzhkZmJiYTM1NjkyNTQxYTp7ImF1dGgtdG9rZW4iOiI5YTY1MjFhNDBjZDYxOTE0MzRkN2U3ZTQ4Y2E2YTE3YjQ3NmRlYmNiIiwiX2F1dGhfdXNlcl9pZCI6IjEiLCJfYXV0aF91c2VyX2JhY2tlbmQiOiJiYXNlLmJhY2tlbmRzLkF1dGhCYWNrZW5kIiwiX2F1dGhfdXNlcl9oYXNoIjoiNGFmOWFlNmY2NjAwOWRkMTdlOGYzZjU3NzY0Zjg0NTI3Y2UyYzE4YSJ9", "expire_date": "2020-01-25T00:07:54.605Z"}}, {"model": "base.auth", "pk": 1, "fields": {"name": "url", "url": "http://localhost:8000", "me": true}}, {"model": "base.key", "pk": 1, "fields": {"p": 89006226982789580600008962930648178976918636839462807140855972213626677704983, "g": 32975607939599251492305675282561316569952528276012941071914888070941215385587, "y": 84864028540042876117141702714825412567590146431287918530421470486843283703650, "x": 21550302324057747705867929797104380972360247082073748291071328415383313422803}}, {"model": "base.key", "pk": 2, "fields": {"p": 89006226982789580600008962930648178976918636839462807140855972213626677704983, "g": 32975607939599251492305675282561316569952528276012941071914888070941215385587, "y": 84864028540042876117141702714825412567590146431287918530421470486843283703650, "x": 0}}, {"model": "base.key", "pk": 3, "fields": {"p": 89006226982789580600008962930648178976918636839462807140855972213626677704983, "g": 32975607939599251492305675282561316569952528276012941071914888070941215385587, "y": 84864028540042876117141702714825412567590146431287918530421470486843283703650, "x": 0}}, {"model": "base.key", "pk": 4, "fields": {"p": 70893358653866535282668459311338551641353109515972674153608404829655414036687, "g": 50776529852442414554491648672206565923375136049704624576910816852010208793979, "y": 64069988971540400488140148767359025180140521509695434167611099807265254581769, "x": 69566313927926968782209634043676333633697467669016721536244608223474419617871}}, {"model": "base.key", "pk": 5, "fields": {"p": 70893358653866535282668459311338551641353109515972674153608404829655414036687, "g": 50776529852442414554491648672206565923375136049704624576910816852010208793979, "y": 64069988971540400488140148767359025180140521509695434167611099807265254581769, "x": 0}}, {"model": "base.key", "pk": 6, "fields": {"p": 70893358653866535282668459311338551641353109515972674153608404829655414036687, "g": 50776529852442414554491648672206565923375136049704624576910816852010208793979, "y": 64069988971540400488140148767359025180140521509695434167611099807265254581769, "x": 0}}, {"model": "base.key", "pk": 7, "fields": {"p": 67270455281726077228722058079318393226294912672996564699269007871934485676099, "g": 21242146625615366040747273046399069976521138337715372906187444457367456592996, "y": 19966904576906248389862585766116761530674747026827094713213983758400033102751, "x": 31302144638484370126168114454183371699668148810663081229437371178850582925133}}, {"model": "base.key", "pk": 8, "fields": {"p": 67270455281726077228722058079318393226294912672996564699269007871934485676099, "g": 21242146625615366040747273046399069976521138337715372906187444457367456592996, "y": 19966904576906248389862585766116761530674747026827094713213983758400033102751, "x": 0}}, {"model": "base.key", "pk": 9, "fields": {"p": 67270455281726077228722058079318393226294912672996564699269007871934485676099, "g": 21242146625615366040747273046399069976521138337715372906187444457367456592996, "y": 19966904576906248389862585766116761530674747026827094713213983758400033102751, "x": 0}}, {"model": "base.key", "pk": 10, "fields": {"p": 78713444163162148098175441053438118805819489124686128734521387919132334762799, "g": 36234732660819707053498370781474559700254162370536474341919924029916145020000, "y": 34507865525050697580691604105918987864154878392995212695883065649206018105765, "x": 43116319139256324926415517105429940016647260602592160130859319129995309707532}}, {"model": "base.key", "pk": 11, "fields": {"p": 78713444163162148098175441053438118805819489124686128734521387919132334762799, "g": 36234732660819707053498370781474559700254162370536474341919924029916145020000, "y": 34507865525050697580691604105918987864154878392995212695883065649206018105765, "x": 0}}, {"model": "base.key", "pk": 12, "fields": {"p": 78713444163162148098175441053438118805819489124686128734521387919132334762799, "g": 36234732660819707053498370781474559700254162370536474341919924029916145020000, "y": 34507865525050697580691604105918987864154878392995212695883065649206018105765, "x": 0}}, {"model": "base.key", "pk": 13, "fields": {"p": 107549314912773156061420156188917427889429151228452761198514807831022183216087, "g": 78005906057534572641033215649611513370755541128799023317586858711746460799633, "y": 58052384715350297100714613605366573001604396226769391540532830541012945505532, "x": 75277067183161635443676983512237152521392579210859025138947568700568377057072}}, {"model": "base.key", "pk": 14, "fields": {"p": 107549314912773156061420156188917427889429151228452761198514807831022183216087, "g": 78005906057534572641033215649611513370755541128799023317586858711746460799633, "y": 58052384715350297100714613605366573001604396226769391540532830541012945505532, "x": 0}}, {"model": "base.key", "pk": 15, "fields": {"p": 107549314912773156061420156188917427889429151228452761198514807831022183216087, "g": 78005906057534572641033215649611513370755541128799023317586858711746460799633, "y": 58052384715350297100714613605366573001604396226769391540532830541012945505532, "x": 0}}, {"model": "base.key", "pk": 16, "fields": {"p": 101286819074010530474061693319266036822621253911529030393010784354660366260039, "g": 67257103619628196605836381063466218109191421300809303045747326687325050262062, "y": 85772985163696210106943526547287685296980616875527394213777104748488203877122, "x": 70377219695509351476355655245082133594518866847687185504826477983058559251796}}, {"model": "base.key", "pk": 17, "fields": {"p": 101286819074010530474061693319266036822621253911529030393010784354660366260039, "g": 67257103619628196605836381063466218109191421300809303045747326687325050262062, "y": 85772985163696210106943526547287685296980616875527394213777104748488203877122, "x": 0}}, {"model": "base.key", "pk": 18, "fields": {"p": 101286819074010530474061693319266036822621253911529030393010784354660366260039, "g": 67257103619628196605836381063466218109191421300809303045747326687325050262062, "y": 85772985163696210106943526547287685296980616875527394213777104748488203877122, "x": 0}}, {"model": "census.census", "pk": 4, "fields": {"voting_id": 4, "voter_id": 2}}, {"model": "census.census", "pk": 5, "fields": {"voting_id": 5, "voter_id": 3}}, {"model": "census.census", "pk": 6, "fields": {"voting_id": 6, "voter_id": 4}}, {"model": "mixnet.mixnet", "pk": 1, "fields": {"voting_id": 3, "auth_position": 0, "key": 1, "pubkey": 2, "auths": [1]}}, {"model": "mixnet.mixnet", "pk": 2, "fields": {"voting_id": 2, "auth_position": 0, "key": 4, "pubkey": 5, "auths": [1]}}, {"model": "mixnet.mixnet", "pk": 3, "fields": {"voting_id": 1, "auth_position": 0, "key": 7, "pubkey": 8, "auths": [1]}}, {"model": "mixnet.mixnet", "pk": 4, "fields": {"voting_id": 6, "auth_position": 0, "key": 10, "pubkey": 11, "auths": [1]}}, {"model": "mixnet.mixnet", "pk": 5, "fields": {"voting_id": 5, "auth_position": 0, "key": 13, "pubkey": 14, "auths": [1]}}, {"model": "mixnet.mixnet", "pk": 6, "fields": {"voting_id": 4, "auth_position": 0, "key": 16, "pubkey": 17, "auths": [1]}}, {"model": "store.vote", "pk": 1, "fields": {"voting_id": 4, "voter_id": 2, "a": 92719058387815595815167302549953461923931585265979008424241630641374486288655, "b": 2200966834113169106453450728067554732401845387928967073006795820082999730000, "voted": "2020-01-11T00:33:48.636Z"}}, {"model": "store.vote", "pk": 2, "fields": {"voting_id": 5, "voter_id": 3, "a": 92634555775641400371227833942672924195837729421894634905939321291783518915571, "b": 71920564380081573529901536080617207372248039325638566333782330839565230217951, "voted": "2020-01-11T00:34:03.953Z"}}, {"model": "store.vote", "pk": 3, "fields": {"voting_id": 6, "voter_id": 4, "a": 53966139675407394015410616604099542792984430716154160392678460945416612719549, "b": 77263508525060781145248786385937743606599565160837706278857952970181249677116, "voted": "2020-01-11T00:34:15.733Z"}}, {"model": "voting.politicalparty", "pk": 1, "fields": {"name": "partido popular", "acronym": "PP", "description": "partido democratico", "headquarters": "madrid", "image": null, "president": "user2"}}, {"model": "voting.politicalparty", "pk": 2, "fields": {"name": "Partido socialista", "acronym": "PSOE", "description": "partido democratido izquierda centro", "headquarters": "madird", "image": null, "president": "user3"}}, {"model": "voting.politicalparty", "pk": 3, "fields": {"name": "Unidas podemos", "acronym": "UP", "description": "partido democratico", "headquarters": "madrid", "image": null, "president": "user4"}}, {"model": "voting.question", "pk": 1, "fields": {"desc": "\u00bfquien quieres que sea el presidente de este partido de unidas podemos?", "number": null, "yes_no_question": false}}, {"model": "voting.question", "pk": 2, "fields": {"desc": "\u00bfquien quieres que sea el presidente de este partido socialista?", "number": null, "yes_no_question": false}}, {"model": "voting.question", "pk": 3, "fields": {"desc": "\u00bfquien quieres que sea el presidente del partido popular?", "number": null, "yes_no_question": false}}, {"model": "voting.question", "pk": 4, "fields": {"desc": "asdflsdf", "number": null, "yes_no_question": false}}, {"model": "voting.questionoption", "pk": 1, "fields": {"question": 1, "number": 1, "option": "user4"}}, {"model": "voting.questionoption", "pk": 2, "fields": {"question": 2, "number": 1, "option": "user3"}}, {"model": "voting.questionoption", "pk": 3, "fields": {"question": 3, "number": 1, "option": "user2"}}, {"model": "voting.questionoption", "pk": 4, "fields": {"question": 4, "number": 1, "option": "user2"}}, {"model": "voting.questionoption", "pk": 5, "fields": {"question": 4, "number": 2, "option": "user3"}}, {"model": "voting.questionoption", "pk": 6, "fields": {"question": 4, "number": 3, "option": "user4"}}, {"model": "voting.voting", "pk": 4, "fields": {"name": "Primarias partido popular", "desc": "primarias", "question": 3, "tipe": "PP", "province": null, "political_party": 1, "start_date": "2020-01-11T00:31:48.730Z", "end_date": "2020-01-11T00:34:29.148Z", "pub_key": 18, "tally": [1], "postproc": [{"votes": 1, "number": 1, "option": "user2", "postproc": 1}], "auths": [1]}}, {"model": "voting.voting", "pk": 5, "fields": {"name": "Primarias partido socialista", "desc": "primarias", "question": 2, "tipe": "PP", "province": null, "political_party": 2, "start_date": "2020-01-11T00:31:39.055Z", "end_date": "2020-01-11T00:34:29.145Z", "pub_key": 15, "tally": [1], "postproc": [{"votes": 1, "number": 1, "option": "user3", "postproc": 1}], "auths": [1]}}, {"model": "voting.voting", "pk": 6, "fields": {"name": "primarias unidas podemos", "desc": "primarias", "question": 1, "tipe": "PP", "province": null, "political_party": 3, "start_date": "2020-01-11T00:31:23.556Z", "end_date": "2020-01-11T00:34:29.131Z", "pub_key": 12, "tally": [1], "postproc": [{"votes": 1, "number": 1, "option": "user4", "postproc": 1}], "auths": [1]}}, {"model": "auth.permission", "pk": 1, "fields": {"name": "Can add log entry", "content_type": 1, "codename": "add_logentry"}}, {"model": "auth.permission", "pk": 2, "fields": {"name": "Can change log entry", "content_type": 1, "codename": "change_logentry"}}, {"model": "auth.permission", "pk": 3, "fields": {"name": "Can delete log entry", "content_type": 1, "codename": "delete_logentry"}}, {"model": "auth.permission", "pk": 4, "fields": {"name": "Can add permission", "content_type": 2, "codename": "add_permission"}}, {"model": "auth.permission", "pk": 5, "fields": {"name": "Can change permission", "content_type": 2, "codename": "change_permission"}}, {"model": "auth.permission", "pk": 6, "fields": {"name": "Can delete permission", "content_type": 2, "codename": "delete_permission"}}, {"model": "auth.permission", "pk": 7, "fields": {"name": "Can add group", "content_type": 3, "codename": "add_group"}}, {"model": "auth.permission", "pk": 8, "fields": {"name": "Can change group", "content_type": 3, "codename": "change_group"}}, {"model": "auth.permission", "pk": 9, "fields": {"name": "Can delete group", "content_type": 3, "codename": "delete_group"}}, {"model": "auth.permission", "pk": 10, "fields": {"name": "Can add user", "content_type": 4, "codename": "add_user"}}, {"model": "auth.permission", "pk": 11, "fields": {"name": "Can change user", "content_type": 4, "codename": "change_user"}}, {"model": "auth.permission", "pk": 12, "fields": {"name": "Can delete user", "content_type": 4, "codename": "delete_user"}}, {"model": "auth.permission", "pk": 13, "fields": {"name": "Can add content type", "content_type": 5, "codename": "add_contenttype"}}, {"model": "auth.permission", "pk": 14, "fields": {"name": "Can change content type", "content_type": 5, "codename": "change_contenttype"}}, {"model": "auth.permission", "pk": 15, "fields": {"name": "Can delete content type", "content_type": 5, "codename": "delete_contenttype"}}, {"model": "auth.permission", "pk": 16, "fields": {"name": "Can add session", "content_type": 6, "codename": "add_session"}}, {"model": "auth.permission", "pk": 17, "fields": {"name": "Can change session", "content_type": 6, "codename": "change_session"}}, {"model": "auth.permission", "pk": 18, "fields": {"name": "Can delete session", "content_type": 6, "codename": "delete_session"}}, {"model": "auth.permission", "pk": 19, "fields": {"name": "Can add Token", "content_type": 7, "codename": "add_token"}}, {"model": "auth.permission", "pk": 20, "fields": {"name": "Can change Token", "content_type": 7, "codename": "change_token"}}, {"model": "auth.permission", "pk": 21, "fields": {"name": "Can delete Token", "content_type": 7, "codename": "delete_token"}}, {"model": "auth.permission", "pk": 22, "fields": {"name": "Can add user profile", "content_type": 8, "codename": "add_userprofile"}}, {"model": "auth.permission", "pk": 23, "fields": {"name": "Can change user profile", "content_type": 8, "codename": "change_userprofile"}}, {"model": "auth.permission", "pk": 24, "fields": {"name": "Can delete user profile", "content_type": 8, "codename": "delete_userprofile"}}, {"model": "auth.permission", "pk": 25, "fields": {"name": "Can add auth", "content_type": 9, "codename": "add_auth"}}, {"model": "auth.permission", "pk": 26, "fields": {"name": "Can change auth", "content_type": 9, "codename": "change_auth"}}, {"model": "auth.permission", "pk": 27, "fields": {"name": "Can delete auth", "content_type": 9, "codename": "delete_auth"}}, {"model": "auth.permission", "pk": 28, "fields": {"name": "Can add key", "content_type": 10, "codename": "add_key"}}, {"model": "auth.permission", "pk": 29, "fields": {"name": "Can change key", "content_type": 10, "codename": "change_key"}}, {"model": "auth.permission", "pk": 30, "fields": {"name": "Can delete key", "content_type": 10, "codename": "delete_key"}}, {"model": "auth.permission", "pk": 31, "fields": {"name": "Can add census", "content_type": 11, "codename": "add_census"}}, {"model": "auth.permission", "pk": 32, "fields": {"name": "Can change census", "content_type": 11, "codename": "change_census"}}, {"model": "auth.permission", "pk": 33, "fields": {"name": "Can delete census", "content_type": 11, "codename": "delete_census"}}, {"model": "auth.permission", "pk": 34, "fields": {"name": "Can add mixnet", "content_type": 12, "codename": "add_mixnet"}}, {"model": "auth.permission", "pk": 35, "fields": {"name": "Can change mixnet", "content_type": 12, "codename": "change_mixnet"}}, {"model": "auth.permission", "pk": 36, "fields": {"name": "Can delete mixnet", "content_type": 12, "codename": "delete_mixnet"}}, {"model": "auth.permission", "pk": 37, "fields": {"name": "Can add vote", "content_type": 13, "codename": "add_vote"}}, {"model": "auth.permission", "pk": 38, "fields": {"name": "Can change vote", "content_type": 13, "codename": "change_vote"}}, {"model": "auth.permission", "pk": 39, "fields": {"name": "Can delete vote", "content_type": 13, "codename": "delete_vote"}}, {"model": "auth.permission", "pk": 40, "fields": {"name": "Can add question", "content_type": 14, "codename": "add_question"}}, {"model": "auth.permission", "pk": 41, "fields": {"name": "Can change question", "content_type": 14, "codename": "change_question"}}, {"model": "auth.permission", "pk": 42, "fields": {"name": "Can delete question", "content_type": 14, "codename": "delete_question"}}, {"model": "auth.permission", "pk": 43, "fields": {"name": "Can add question option", "content_type": 15, "codename": "add_questionoption"}}, {"model": "auth.permission", "pk": 44, "fields": {"name": "Can change question option", "content_type": 15, "codename": "change_questionoption"}}, {"model": "auth.permission", "pk": 45, "fields": {"name": "Can delete question option", "content_type": 15, "codename": "delete_questionoption"}}, {"model": "auth.permission", "pk": 46, "fields": {"name": "Can add voting", "content_type": 16, "codename": "add_voting"}}, {"model": "auth.permission", "pk": 47, "fields": {"name": "Can change voting", "content_type": 16, "codename": "change_voting"}}, {"model": "auth.permission", "pk": 48, "fields": {"name": "Can delete voting", "content_type": 16, "codename": "delete_voting"}}, {"model": "auth.permission", "pk": 49, "fields": {"name": "Can add political party", "content_type": 17, "codename": "add_politicalparty"}}, {"model": "auth.permission", "pk": 50, "fields": {"name": "Can change political party", "content_type": 17, "codename": "change_politicalparty"}}, {"model": "auth.permission", "pk": 51, "fields": {"name": "Can delete political party", "content_type": 17, "codename": "delete_politicalparty"}}, {"model": "auth.user", "pk": 1, "fields": {"password": "pbkdf2_sha256$100000$O5GVEJdgkIsr$tMCAhMgCuGtVONVcsVu14PkzzTgx5cvL/e1I1DDWaZ8=", "last_login": "2020-01-11T00:37:43.322Z", "is_superuser": true, "username": "user1", "first_name": "", "last_name": "", "email": "", "is_staff": true, "is_active": true, "date_joined": "2020-01-11T00:06:55.028Z", "groups": [], "user_permissions": []}}, {"model": "auth.user", "pk": 2, "fields": {"password": "pbkdf2_sha256$100000$ROSXP5RG22KV$ErQXZFffWcWaTbBoxSd8O+LupNmABxnFiuraSxfD9B8=", "last_login": null, "is_superuser": false, "username": "user2", "first_name": "", "last_name": "", "email": "", "is_staff": false, "is_active": true, "date_joined": "2020-01-11T00:09:05.438Z", "groups": [], "user_permissions": []}}, {"model": "auth.user", "pk": 3, "fields": {"password": "pbkdf2_sha256$100000$C0DztZ6832ff$WIadPxDgvSZ4UZe3bFJVSG6sWrUEm0EOYeqkNtIX3s0=", "last_login": null, "is_superuser": false, "username": "user3", "first_name": "", "last_name": "", "email": "", "is_staff": false, "is_active": true, "date_joined": "2020-01-11T00:09:35.587Z", "groups": [], "user_permissions": []}}, {"model": "auth.user", "pk": 4, "fields": {"password": "pbkdf2_sha256$100000$MMFJ8Gk2hnvW$p/3+J6bj2c4t3A4b7KH5m2jLe5g4Pbf4C1umY2vtj3U=", "last_login": null, "is_superuser": false, "username": "user4", "first_name": "", "last_name": "", "email": "", "is_staff": false, "is_active": true, "date_joined": "2020-01-11T00:09:52.693Z", "groups": [], "user_permissions": []}}, {"model": "authtoken.token", "pk": "3ac1b172248f9f78d19c837d1755493b4af79a0c", "fields": {"user": 3, "created": "2020-01-11T00:34:02.308Z"}}, {"model": "authtoken.token", "pk": "6acf5230337e8865d6f121eee3b0a6de7b9a357a", "fields": {"user": 4, "created": "2020-01-11T00:34:13.318Z"}}, {"model": "authtoken.token", "pk": "ae7a2c3eb50d3eb3acba1301417d7e57c8f8e48b", "fields": {"user": 2, "created": "2020-01-11T00:33:47.006Z"}}, {"model": "authtoken.token", "pk": "c5aced01e73bf33820403fc4e7b1cf87bbe4d124", "fields": {"user": 1, "created": "2020-01-11T00:37:43.297Z"}}, {"model": "authentication.userprofile", "pk": 2, "fields": {"related_political_party": 1, "birthdate": "1995-01-11", "sex": "M", "province": "S", "employment": "P"}}, {"model": "authentication.userprofile", "pk": 3, "fields": {"related_political_party": 2, "birthdate": "1995-01-11", "sex": "M", "province": "S", "employment": "P"}}, {"model": "authentication.userprofile", "pk": 4, "fields": {"related_political_party": 3, "birthdate": "1995-01-11", "sex": "M", "province": "S", "employment": "P"}}, {"model": "admin.logentry", "pk": 1, "fields": {"action_time": "2020-01-11T00:09:05.592Z", "user": 1, "content_type": 4, "object_id": "2", "object_repr": "user2", "action_flag": 1, "change_message": "[{\"added\": {}}]"}}, {"model": "admin.logentry", "pk": 2, "fields": {"action_time": "2020-01-11T00:09:35.751Z", "user": 1, "content_type": 4, "object_id": "3", "object_repr": "user3", "action_flag": 1, "change_message": "[{\"added\": {}}]"}}, {"model": "admin.logentry", "pk": 3, "fields": {"action_time": "2020-01-11T00:09:52.884Z", "user": 1, "content_type": 4, "object_id": "4", "object_repr": "user4", "action_flag": 1, "change_message": "[{\"added\": {}}]"}}, {"model": "admin.logentry", "pk": 4, "fields": {"action_time": "2020-01-11T00:10:33.079Z", "user": 1, "content_type": 17, "object_id": "1", "object_repr": "partido popular", "action_flag": 1, "change_message": "[{\"added\": {}}]"}}, {"model": "admin.logentry", "pk": 5, "fields": {"action_time": "2020-01-11T00:11:31.659Z", "user": 1, "content_type": 8, "object_id": "2", "object_repr": "(M,2020-01-11,partido popular)", "action_flag": 1, "change_message": "[{\"added\": {}}]"}}, {"model": "admin.logentry", "pk": 6, "fields": {"action_time": "2020-01-11T00:12:02.701Z", "user": 1, "content_type": 17, "object_id": "2", "object_repr": "Partido socialista", "action_flag": 1, "change_message": "[{\"added\": {}}]"}}, {"model": "admin.logentry", "pk": 7, "fields": {"action_time": "2020-01-11T00:12:11.499Z", "user": 1, "content_type": 8, "object_id": "3", "object_repr": "(M,2020-01-11,Partido socialista)", "action_flag": 1, "change_message": "[{\"added\": {}}]"}}, {"model": "admin.logentry", "pk": 8, "fields": {"action_time": "2020-01-11T00:12:49.003Z", "user": 1, "content_type": 17, "object_id": "3", "object_repr": "Unidas podemos", "action_flag": 1, "change_message": "[{\"added\": {}}]"}}, {"model": "admin.logentry", "pk": 9, "fields": {"action_time": "2020-01-11T00:12:57.595Z", "user": 1, "content_type": 8, "object_id": "4", "object_repr": "(M,2020-01-11,Unidas podemos)", "action_flag": 1, "change_message": "[{\"added\": {}}]"}}, {"model": "admin.logentry", "pk": 10, "fields": {"action_time": "2020-01-11T00:14:21.621Z", "user": 1, "content_type": 14, "object_id": "1", "object_repr": "\u00bfquien ganara?", "action_flag": 1, "change_message": "[{\"added\": {}}, {\"added\": {\"name\": \"question option\", \"object\": \"user2 (1)\"}}]"}}, {"model": "admin.logentry", "pk": 11, "fields": {"action_time": "2020-01-11T00:15:45.616Z", "user": 1, "content_type": 9, "object_id": "1", "object_repr": "http://localhost:8000", "action_flag": 1, "change_message": "[{\"added\": {}}]"}}, {"model": "admin.logentry", "pk": 12, "fields": {"action_time": "2020-01-11T00:16:27.577Z", "user": 1, "content_type": 8, "object_id": "4", "object_repr": "(M,1995-01-11,Unidas podemos)", "action_flag": 2, "change_message": "[{\"changed\": {\"fields\": [\"birthdate\"]}}]"}}, {"model": "admin.logentry", "pk": 13, "fields": {"action_time": "2020-01-11T00:16:35.635Z", "user": 1, "content_type": 8, "object_id": "3", "object_repr": "(M,1995-01-11,Partido socialista)", "action_flag": 2, "change_message": "[{\"changed\": {\"fields\": [\"birthdate\"]}}]"}}, {"model": "admin.logentry", "pk": 14, "fields": {"action_time": "2020-01-11T00:16:42.180Z", "user": 1, "content_type": 8, "object_id": "2", "object_repr": "(M,1995-01-11,partido popular)", "action_flag": 2, "change_message": "[{\"changed\": {\"fields\": [\"birthdate\"]}}]"}}, {"model": "admin.logentry", "pk": 15, "fields": {"action_time": "2020-01-11T00:17:22.217Z", "user": 1, "content_type": 14, "object_id": "1", "object_repr": "\u00bfquien quieres que sea el presidente de este partido?", "action_flag": 2, "change_message": "[{\"changed\": {\"fields\": [\"desc\"]}}]"}}, {"model": "admin.logentry", "pk": 16, "fields": {"action_time": "2020-01-11T00:17:58.703Z", "user": 1, "content_type": 16, "object_id": "1", "object_repr": "Primarias partido popular", "action_flag": 1, "change_message": "[{\"added\": {}}]"}}, {"model": "admin.logentry", "pk": 17, "fields": {"action_time": "2020-01-11T00:18:24.244Z", "user": 1, "content_type": 14, "object_id": "1", "object_repr": "\u00bfquien quieres que sea el presidente de este partido?", "action_flag": 2, "change_message": "[{\"changed\": {\"name\": \"question option\", \"object\": \"user3 (1)\", \"fields\": [\"option\"]}}]"}}, {"model": "admin.logentry", "pk": 18, "fields": {"action_time": "2020-01-11T00:18:32.532Z", "user": 1, "content_type": 16, "object_id": "2", "object_repr": "Primarias partido socialista", "action_flag": 1, "change_message": "[{\"added\": {}}]"}}, {"model": "admin.logentry", "pk": 19, "fields": {"action_time": "2020-01-11T00:18:57.005Z", "user": 1, "content_type": 14, "object_id": "1", "object_repr": "\u00bfquien quieres que sea el presidente de este partido?", "action_flag": 2, "change_message": "[{\"changed\": {\"name\": \"question option\", \"object\": \"user4 (1)\", \"fields\": [\"option\"]}}]"}}, {"model": "admin.logentry", "pk": 20, "fields": {"action_time": "2020-01-11T00:19:04.083Z", "user": 1, "content_type": 16, "object_id": "3", "object_repr": "primarias unidas podemos", "action_flag": 1, "change_message": "[{\"added\": {}}]"}}, {"model": "admin.logentry", "pk": 21, "fields": {"action_time": "2020-01-11T00:21:55.550Z", "user": 1, "content_type": 11, "object_id": "1", "object_repr": "Census object (1)", "action_flag": 1, "change_message": "[{\"added\": {}}]"}}, {"model": "admin.logentry", "pk": 22, "fields": {"action_time": "2020-01-11T00:22:10.773Z", "user": 1, "content_type": 11, "object_id": "2", "object_repr": "Census object (2)", "action_flag": 1, "change_message": "[{\"added\": {}}]"}}, {"model": "admin.logentry", "pk": 23, "fields": {"action_time": "2020-01-11T00:22:18.722Z", "user": 1, "content_type": 11, "object_id": "3", "object_repr": "Census object (3)", "action_flag": 1, "change_message": "[{\"added\": {}}]"}}, {"model": "admin.logentry", "pk": 24, "fields": {"action_time": "2020-01-11T00:24:40.341Z", "user": 1, "content_type": 14, "object_id": "1", "object_repr": "\u00bfquien quieres que sea el presidente de este partido?", "action_flag": 2, "change_message": "[{\"changed\": {\"name\": \"question option\", \"object\": \"user1 (1)\", \"fields\": [\"option\"]}}]"}}, {"model": "admin.logentry", "pk": 25, "fields": {"action_time": "2020-01-11T00:24:58.005Z", "user": 1, "content_type": 14, "object_id": "1", "object_repr": "\u00bfquien quieres que sea el presidente de este partido?", "action_flag": 2, "change_message": "[{\"changed\": {\"name\": \"question option\", \"object\": \"user2 (1)\", \"fields\": [\"option\"]}}]"}}, {"model": "admin.logentry", "pk": 26, "fields": {"action_time": "2020-01-11T00:25:01.774Z", "user": 1, "content_type": 16, "object_id": "1", "object_repr": "Primarias partido popular", "action_flag": 2, "change_message": "[]"}}, {"model": "admin.logentry", "pk": 27, "fields": {"action_time": "2020-01-11T00:25:14.652Z", "user": 1, "content_type": 14, "object_id": "1", "object_repr": "\u00bfquien quieres que sea el presidente de este partido?", "action_flag": 2, "change_message": "[{\"changed\": {\"name\": \"question option\", \"object\": \"user3 (1)\", \"fields\": [\"option\"]}}]"}}, {"model": "admin.logentry", "pk": 28, "fields": {"action_time": "2020-01-11T00:25:20.473Z", "user": 1, "content_type": 14, "object_id": "1", "object_repr": "\u00bfquien quieres que sea el presidente de este partido?", "action_flag": 2, "change_message": "[{\"changed\": {\"name\": \"question option\", \"object\": \"user1 (1)\", \"fields\": [\"option\"]}}]"}}, {"model": "admin.logentry", "pk": 29, "fields": {"action_time": "2020-01-11T00:25:34.968Z", "user": 1, "content_type": 14, "object_id": "1", "object_repr": "\u00bfquien quieres que sea el presidente de este partido?", "action_flag": 2, "change_message": "[{\"changed\": {\"name\": \"question option\", \"object\": \"user3 (1)\", \"fields\": [\"option\"]}}]"}}, {"model": "admin.logentry", "pk": 30, "fields": {"action_time": "2020-01-11T00:25:50.274Z", "user": 1, "content_type": 14, "object_id": "1", "object_repr": "\u00bfquien quieres que sea el presidente de este partido?", "action_flag": 2, "change_message": "[{\"changed\": {\"name\": \"question option\", \"object\": \"user4 (1)\", \"fields\": [\"option\"]}}]"}}, {"model": "admin.logentry", "pk": 31, "fields": {"action_time": "2020-01-11T00:26:24.832Z", "user": 1, "content_type": 14, "object_id": "1", "object_repr": "\u00bfquien quieres que sea el presidente de este partido?", "action_flag": 2, "change_message": "[{\"changed\": {\"name\": \"question option\", \"object\": \"user2 (1)\", \"fields\": [\"option\"]}}]"}}, {"model": "admin.logentry", "pk": 32, "fields": {"action_time": "2020-01-11T00:26:27.333Z", "user": 1, "content_type": 16, "object_id": "1", "object_repr": "Primarias partido popular", "action_flag": 2, "change_message": "[]"}}, {"model": "admin.logentry", "pk": 33, "fields": {"action_time": "2020-01-11T00:27:05.764Z", "user": 1, "content_type": 14, "object_id": "2", "object_repr": "\u00bfquien quieres que sea el presidente de este partido?", "action_flag": 1, "change_message": "[{\"added\": {}}, {\"added\": {\"name\": \"question option\", \"object\": \"user3 (1)\"}}]"}}, {"model": "admin.logentry", "pk": 34, "fields": {"action_time": "2020-01-11T00:27:30.867Z", "user": 1, "content_type": 14, "object_id": "2", "object_repr": "\u00bfquien quieres que sea el presidente de este partido socialista?", "action_flag": 2, "change_message": "[{\"changed\": {\"fields\": [\"desc\"]}}]"}}, {"model": "admin.logentry", "pk": 35, "fields": {"action_time": "2020-01-11T00:27:33.243Z", "user": 1, "content_type": 16, "object_id": "2", "object_repr": "Primarias partido socialista", "action_flag": 2, "change_message": "[{\"changed\": {\"fields\": [\"question\"]}}]"}}, {"model": "admin.logentry", "pk": 36, "fields": {"action_time": "2020-01-11T00:27:45.330Z", "user": 1, "content_type": 14, "object_id": "1", "object_repr": "\u00bfquien quieres que sea el presidente de este partido popular?", "action_flag": 2, "change_message": "[{\"changed\": {\"fields\": [\"desc\"]}}]"}}, {"model": "admin.logentry", "pk": 37, "fields": {"action_time": "2020-01-11T00:27:47.905Z", "user": 1, "content_type": 16, "object_id": "1", "object_repr": "Primarias partido popular", "action_flag": 2, "change_message": "[]"}}, {"model": "admin.logentry", "pk": 38, "fields": {"action_time": "2020-01-11T00:28:07.044Z", "user": 1, "content_type": 14, "object_id": "1", "object_repr": "\u00bfquien quieres que sea el presidente de este partido de unidas podemos?", "action_flag": 2, "change_message": "[{\"changed\": {\"fields\": [\"desc\"]}}, {\"changed\": {\"name\": \"question option\", \"object\": \"user4 (1)\", \"fields\": [\"option\"]}}]"}}, {"model": "admin.logentry", "pk": 39, "fields": {"action_time": "2020-01-11T00:28:09.678Z", "user": 1, "content_type": 16, "object_id": "3", "object_repr": "primarias unidas podemos", "action_flag": 2, "change_message": "[]"}}, {"model": "admin.logentry", "pk": 40, "fields": {"action_time": "2020-01-11T00:29:00.275Z", "user": 1, "content_type": 16, "object_id": "3", "object_repr": "primarias unidas podemos", "action_flag": 3, "change_message": ""}}, {"model": "admin.logentry", "pk": 41, "fields": {"action_time": "2020-01-11T00:29:00.285Z", "user": 1, "content_type": 16, "object_id": "2", "object_repr": "Primarias partido socialista", "action_flag": 3, "change_message": ""}}, {"model": "admin.logentry", "pk": 42, "fields": {"action_time": "2020-01-11T00:29:00.288Z", "user": 1, "content_type": 16, "object_id": "1", "object_repr": "Primarias partido popular", "action_flag": 3, "change_message": ""}}, {"model": "admin.logentry", "pk": 43, "fields": {"action_time": "2020-01-11T00:30:15.200Z", "user": 1, "content_type": 14, "object_id": "3", "object_repr": "\u00bfquien quieres que sea el presidente del partido popular?", "action_flag": 1, "change_message": "[{\"added\": {}}, {\"added\": {\"name\": \"question option\", \"object\": \"user2 (1)\"}}]"}}, {"model": "admin.logentry", "pk": 44, "fields": {"action_time": "2020-01-11T00:30:24.440Z", "user": 1, "content_type": 16, "object_id": "4", "object_repr": "Primarias partido popular", "action_flag": 1, "change_message": "[{\"added\": {}}]"}}, {"model": "admin.logentry", "pk": 45, "fields": {"action_time": "2020-01-11T00:30:45.981Z", "user": 1, "content_type": 16, "object_id": "5", "object_repr": "Primarias partido socialista", "action_flag": 1, "change_message": "[{\"added\": {}}]"}}, {"model": "admin.logentry", "pk": 46, "fields": {"action_time": "2020-01-11T00:31:03.839Z", "user": 1, "content_type": 16, "object_id": "6", "object_repr": "primarias unidas podemos", "action_flag": 1, "change_message": "[{\"added\": {}}]"}}, {"model": "admin.logentry", "pk": 47, "fields": {"action_time": "2020-01-11T00:31:13.758Z", "user": 1, "content_type": 16, "object_id": "6", "object_repr": "primarias unidas podemos", "action_flag": 2, "change_message": "[]"}}, {"model": "admin.logentry", "pk": 48, "fields": {"action_time": "2020-01-11T00:32:45.908Z", "user": 1, "content_type": 11, "object_id": "4", "object_repr": "Census object (4)", "action_flag": 1, "change_message": "[{\"added\": {}}]"}}, {"model": "admin.logentry", "pk": 49, "fields": {"action_time": "2020-01-11T00:32:57.224Z", "user": 1, "content_type": 11, "object_id": "5", "object_repr": "Census object (5)", "action_flag": 1, "change_message": "[{\"added\": {}}]"}}, {"model": "admin.logentry", "pk": 50, "fields": {"action_time": "2020-01-11T00:33:06.837Z", "user": 1, "content_type": 11, "object_id": "6", "object_repr": "Census object (6)", "action_flag": 1, "change_message": "[{\"added\": {}}]"}}, {"model": "admin.logentry", "pk": 51, "fields": {"action_time": "2020-01-11T00:33:15.052Z", "user": 1, "content_type": 11, "object_id": "3", "object_repr": "Census object (3)", "action_flag": 3, "change_message": ""}}, {"model": "admin.logentry", "pk": 52, "fields": {"action_time": "2020-01-11T00:33:15.055Z", "user": 1, "content_type": 11, "object_id": "2", "object_repr": "Census object (2)", "action_flag": 3, "change_message": ""}}, {"model": "admin.logentry", "pk": 53, "fields": {"action_time": "2020-01-11T00:33:15.057Z", "user": 1, "content_type": 11, "object_id": "1", "object_repr": "Census object (1)", "action_flag": 3, "change_message": ""}}, {"model": "admin.logentry", "pk": 54, "fields": {"action_time": "2020-01-11T00:39:08.165Z", "user": 1, "content_type": 17, "object_id": "3", "object_repr": "Unidas podemos", "action_flag": 2, "change_message": "[]"}}, {"model": "admin.logentry", "pk": 55, "fields": {"action_time": "2020-01-11T00:39:12.549Z", "user": 1, "content_type": 17, "object_id": "2", "object_repr": "Partido socialista", "action_flag": 2, "change_message": "[]"}}, {"model": "admin.logentry", "pk": 56, "fields": {"action_time": "2020-01-11T00:39:16.771Z", "user": 1, "content_type": 17, "object_id": "1", "object_repr": "partido popular", "action_flag": 2, "change_message": "[]"}}, {"model": "admin.logentry", "pk": 57, "fields": {"action_time": "2020-01-11T00:40:50.850Z", "user": 1, "content_type": 14, "object_id": "4", "object_repr": "asdflsdf", "action_flag": 1, "change_message": "[{\"added\": {}}, {\"added\": {\"name\": \"question option\", \"object\": \"user2 (1)\"}}, {\"added\": {\"name\": \"question option\", \"object\": \"user3 (2)\"}}, {\"added\": {\"name\": \"question option\", \"object\": \"user4 (2)\"}}]"}}, {"model": "admin.logentry", "pk": 58, "fields": {"action_time": "2020-01-11T00:41:03.263Z", "user": 1, "content_type": 14, "object_id": "4", "object_repr": "asdflsdf", "action_flag": 2, "change_message": "[{\"changed\": {\"name\": \"question option\", \"object\": \"user4 (3)\", \"fields\": [\"number\"]}}]"}}, {"model": "admin.logentry", "pk": 59, "fields": {"action_time": "2020-01-11T00:41:32.542Z", "user": 1, "content_type": 16, "object_id": "7", "object_repr": "pasdf", "action_flag": 1, "change_message": "[{\"added\": {}}]"}}, {"model": "admin.logentry", "pk": 60, "fields": {"action_time": "2020-01-11T00:41:57.055Z", "user": 1, "content_type": 16, "object_id": "7", "object_repr": "pasdf", "action_flag": 2, "change_message": "[]"}}, {"model": "admin.logentry", "pk": 61, "fields": {"action_time": "2020-01-11T00:42:08.385Z", "user": 1, "content_type": 16, "object_id": "7", "object_repr": "pasdf", "action_flag": 3, "change_message": ""}}]